month	SP500	dividend
1900.01	6.10	0.22
1900.02	6.21	0.23
1900.03	6.26	0.23
1900.04	6.34	0.24
1900.05	6.04	0.25
1900.06	5.86	0.26
1900.07	5.86	0.26
1900.08	5.94	0.27
1900.09	5.80	0.28
1900.10	6.01	0.29
1900.11	6.48	0.29
1900.12	6.87	0.30
1901.01	7.07	0.30
1901.02	7.25	0.30
1901.03	7.51	0.31
1901.04	8.14	0.31
1901.05	7.73	0.31
1901.06	8.50	0.31
1901.07	7.93	0.31
1901.08	8.04	0.31
1901.09	8.00	0.32
1901.10	7.91	0.32
1901.11	8.08	0.32
1901.12	7.95	0.32
1902.01	8.12	0.32
1902.02	8.19	0.32
1902.03	8.20	0.32
1902.04	8.48	0.32
1902.05	8.46	0.32
1902.06	8.41	0.33
1902.07	8.60	0.33
1902.08	8.83	0.33
1902.09	8.85	0.33
1902.10	8.57	0.33
1902.11	8.24	0.33
1902.12	8.05	0.33
1903.01	8.46	0.33
1903.02	8.41	0.33
1903.03	8.08	0.34
1903.04	7.75	0.34
1903.05	7.60	0.34
1903.06	7.18	0.34
1903.07	6.85	0.34
1903.08	6.63	0.34
1903.09	6.47	0.35
1903.10	6.26	0.35
1903.11	6.28	0.35
1903.12	6.57	0.35
1904.01	6.68	0.35
1904.02	6.50	0.34
1904.03	6.48	0.34
1904.04	6.64	0.34
1904.05	6.50	0.33
1904.06	6.51	0.33
1904.07	6.78	0.33
1904.08	7.01	0.32
1904.09	7.32	0.32
1904.10	7.75	0.32
1904.11	8.17	0.31
1904.12	8.25	0.31
1905.01	8.43	0.31
1905.02	8.80	0.31
1905.03	9.05	0.32
1905.04	8.94	0.32
1905.05	8.50	0.32
1905.06	8.60	0.32
1905.07	8.87	0.32
1905.08	9.20	0.32
1905.09	9.23	0.33
1905.10	9.36	0.33
1905.11	9.31	0.33
1905.12	9.54	0.33
1906.01	9.87	0.34
1906.02	9.80	0.34
1906.03	9.56	0.35
1906.04	9.43	0.35
1906.05	9.18	0.36
1906.06	9.30	0.37
1906.07	9.06	0.37
1906.08	9.73	0.38
1906.09	10.03	0.38
1906.10	9.73	0.39
1906.11	9.93	0.39
1906.12	9.84	0.40
1907.01	9.56	0.40
1907.02	9.26	0.41
1907.03	8.35	0.41
1907.04	8.39	0.41
1907.05	8.10	0.42
1907.06	7.84	0.42
1907.07	8.14	0.42
1907.08	7.53	0.43
1907.09	7.45	0.43
1907.10	6.64	0.43
1907.11	6.25	0.44
1907.12	6.57	0.44
1908.01	6.85	0.44
1908.02	6.60	0.43
1908.03	6.87	0.43
1908.04	7.24	0.43
1908.05	7.63	0.42
1908.06	7.64	0.42
1908.07	7.92	0.42
1908.08	8.26	0.41
1908.09	8.17	0.41
1908.10	8.27	0.41
1908.11	8.83	0.40
1908.12	9.03	0.40
1909.01	9.06	0.40
1909.02	8.80	0.41
1909.03	8.92	0.41
1909.04	9.32	0.41
1909.05	9.63	0.42
1909.06	9.80	0.42
1909.07	9.94	0.42
1909.08	10.18	0.43
1909.09	10.19	0.43
1909.10	10.23	0.43
1909.11	10.18	0.44
1909.12	10.30	0.44
1910.01	10.08	0.44
1910.02	9.72	0.45
1910.03	9.96	0.45
1910.04	9.72	0.45
1910.05	9.56	0.45
1910.06	9.10	0.46
1910.07	8.64	0.46
1910.08	8.85	0.46
1910.09	8.91	0.46
1910.10	9.32	0.47
1910.11	9.31	0.47
1910.12	9.05	0.47
1911.01	9.27	0.47
1911.02	9.43	0.47
1911.03	9.32	0.47
1911.04	9.28	0.47
1911.05	9.48	0.47
1911.06	9.67	0.47
1911.07	9.63	0.47
1911.08	9.17	0.47
1911.09	8.67	0.47
1911.10	8.72	0.47
1911.11	9.07	0.47
1911.12	9.11	0.47
1912.01	9.12	0.47
1912.02	9.04	0.47
1912.03	9.30	0.47
1912.04	9.59	0.47
1912.05	9.58	0.47
1912.06	9.58	0.48
1912.07	9.59	0.48
1912.08	9.81	0.48
1912.09	9.86	0.48
1912.10	9.84	0.48
1912.11	9.73	0.48
1912.12	9.38	0.48
1913.01	9.30	0.48
1913.02	8.97	0.48
1913.03	8.80	0.48
1913.04	8.79	0.48
1913.05	8.55	0.48
1913.06	8.12	0.48
1913.07	8.23	0.48
1913.08	8.45	0.48
1913.09	8.53	0.48
1913.10	8.26	0.48
1913.11	8.05	0.48
1913.12	8.04	0.48
1914.01	8.37	0.48
1914.02	8.48	0.47
1914.03	8.32	0.47
1914.04	8.12	0.46
1914.05	8.17	0.46
1914.06	8.13	0.45
1914.07	7.68	0.45
1914.08	7.68	0.44
1914.09	7.68	0.44
1914.10	7.68	0.43
1914.11	7.68	0.43
1914.12	7.35	0.42
1915.01	7.48	0.42
1915.02	7.38	0.42
1915.03	7.57	0.42
1915.04	8.14	0.42
1915.05	7.95	0.42
1915.06	8.04	0.43
1915.07	8.01	0.43
1915.08	8.35	0.43
1915.09	8.66	0.43
1915.10	9.14	0.43
1915.11	9.46	0.43
1915.12	9.48	0.43
1916.01	9.33	0.44
1916.02	9.20	0.45
1916.03	9.17	0.46
1916.04	9.07	0.47
1916.05	9.27	0.48
1916.06	9.36	0.50
1916.07	9.23	0.51
1916.08	9.30	0.52
1916.09	9.68	0.53
1916.10	9.98	0.54
1916.11	10.21	0.55
1916.12	9.80	0.56
1917.01	9.57	0.57
1917.02	9.03	0.58
1917.03	9.31	0.59
1917.04	9.17	0.60
1917.05	8.86	0.61
1917.06	9.04	0.63
1917.07	8.79	0.64
1917.08	8.53	0.65
1917.09	8.12	0.66
1917.10	7.68	0.67
1917.11	7.04	0.68
1917.12	6.80	0.69
1918.01	7.21	0.68
1918.02	7.43	0.67
1918.03	7.28	0.66
1918.04	7.21	0.65
1918.05	7.44	0.64
1918.06	7.45	0.63
1918.07	7.51	0.62
1918.08	7.58	0.61
1918.09	7.54	0.60
1918.10	7.86	0.59
1918.11	8.06	0.58
1918.12	7.90	0.57
1919.01	7.85	0.57
1919.02	7.88	0.56
1919.03	8.12	0.56
1919.04	8.39	0.56
1919.05	8.97	0.55
1919.06	9.21	0.55
1919.07	9.51	0.55
1919.08	8.87	0.54
1919.09	9.01	0.54
1919.10	9.47	0.54
1919.11	9.19	0.53
1919.12	8.92	0.53
1920.01	8.83	0.53
1920.02	8.10	0.53
1920.03	8.67	0.53
1920.04	8.60	0.52
1920.05	8.06	0.52
1920.06	7.92	0.52
1920.07	7.91	0.52
1920.08	7.60	0.52
1920.09	7.87	0.52
1920.10	7.88	0.51
1920.11	7.48	0.51
1920.12	6.81	0.51
1921.01	7.11	0.51
1921.02	7.06	0.50
1921.03	6.88	0.50
1921.04	6.91	0.49
1921.05	7.12	0.49
1921.06	6.55	0.49
1921.07	6.53	0.48
1921.08	6.45	0.48
1921.09	6.61	0.47
1921.10	6.70	0.47
1921.11	7.06	0.46
1921.12	7.31	0.46
1922.01	7.30	0.46
1922.02	7.46	0.47
1922.03	7.74	0.47
1922.04	8.21	0.48
1922.05	8.53	0.48
1922.06	8.45	0.49
1922.07	8.51	0.49
1922.08	8.83	0.49
1922.09	9.06	0.50
1922.10	9.26	0.50
1922.11	8.80	0.51
1922.12	8.78	0.51
1923.01	8.90	0.51
1923.02	9.28	0.51
1923.03	9.43	0.52
1923.04	9.10	0.52
1923.05	8.67	0.52
1923.06	8.34	0.52
1923.07	8.06	0.52
1923.08	8.10	0.52
1923.09	8.15	0.53
1923.10	8.03	0.53
1923.11	8.27	0.53
1923.12	8.55	0.53
1924.01	8.83	0.53
1924.02	8.87	0.53
1924.03	8.70	0.54
1924.04	8.50	0.54
1924.05	8.47	0.54
1924.06	8.63	0.54
1924.07	9.03	0.54
1924.08	9.34	0.54
1924.09	9.25	0.55
1924.10	9.13	0.55
1924.11	9.64	0.55
1924.12	10.16	0.55
1925.01	10.58	0.55
1925.02	10.67	0.56
1925.03	10.39	0.56
1925.04	10.28	0.57
1925.05	10.61	0.57
1925.06	10.80	0.58
1925.07	11.10	0.58
1925.08	11.25	0.58
1925.09	11.51	0.59
1925.10	11.89	0.59
1925.11	12.26	0.60
1925.12	12.46	0.60
1926.01	12.65	0.61
1926.02	12.67	0.62
1926.03	11.81	0.62
1926.04	11.48	0.63
1926.05	11.56	0.64
1926.06	12.11	0.65
1926.07	12.62	0.65
1926.08	13.12	0.66
1926.09	13.32	0.67
1926.10	13.02	0.68
1926.11	13.19	0.68
1926.12	13.49	0.69
1927.01	13.40	0.70
1927.02	13.66	0.70
1927.03	13.87	0.71
1927.04	14.21	0.72
1927.05	14.70	0.72
1927.06	14.89	0.73
1927.07	15.22	0.74
1927.08	16.03	0.74
1927.09	16.94	0.75
1927.10	16.68	0.76
1927.11	17.06	0.76
1927.12	17.46	0.77
1928.01	17.53	0.78
1928.02	17.32	0.78
1928.03	18.25	0.79
1928.04	19.40	0.80
1928.05	20.00	0.80
1928.06	19.02	0.81
1928.07	19.16	0.82
1928.08	19.78	0.82
1928.09	21.17	0.83
1928.10	21.60	0.84
1928.11	23.06	0.84
1928.12	23.15	0.85
1929.01	24.86	0.86
1929.02	24.99	0.87
1929.03	25.43	0.88
1929.04	25.28	0.89
1929.05	25.66	0.90
1929.06	26.15	0.91
1929.07	28.48	0.92
1929.08	30.10	0.93
1929.09	31.30	0.94
1929.10	27.99	0.95
1929.11	20.58	0.96
1929.12	21.40	0.97
1930.01	21.71	0.97
1930.02	23.07	0.97
1930.03	23.94	0.97
1930.04	25.46	0.97
1930.05	23.94	0.97
1930.06	21.52	0.98
1930.07	21.06	0.98
1930.08	20.79	0.98
1930.09	20.78	0.98
1930.10	17.92	0.98
1930.11	16.62	0.98
1930.12	15.51	0.98
1931.01	15.98	0.97
1931.02	17.20	0.95
1931.03	17.53	0.94
1931.04	15.86	0.93
1931.05	14.33	0.91
1931.06	13.87	0.90
1931.07	14.33	0.89
1931.08	13.90	0.87
1931.09	11.83	0.86
1931.10	10.25	0.85
1931.11	10.39	0.83
1931.12	8.44	0.82
1932.01	8.30	0.79
1932.02	8.23	0.77
1932.03	8.26	0.74
1932.04	6.28	0.71
1932.05	5.51	0.69
1932.06	4.77	0.66
1932.07	5.01	0.63
1932.08	7.53	0.61
1932.09	8.26	0.58
1932.10	7.12	0.55
1932.11	7.05	0.53
1932.12	6.82	0.50
1933.01	7.09	0.50
1933.02	6.25	0.49
1933.03	6.23	0.49
1933.04	6.89	0.48
1933.05	8.87	0.48
1933.06	10.39	0.47
1933.07	11.23	0.47
1933.08	10.67	0.46
1933.09	10.58	0.46
1933.10	9.55	0.45
1933.11	9.78	0.45
1933.12	9.97	0.44
1934.01	10.54	0.44
1934.02	11.32	0.44
1934.03	10.74	0.44
1934.04	10.92	0.44
1934.05	9.81	0.44
1934.06	9.94	0.45
1934.07	9.47	0.45
1934.08	9.10	0.45
1934.09	8.88	0.45
1934.10	8.95	0.45
1934.11	9.20	0.45
1934.12	9.26	0.45
1935.01	9.26	0.45
1935.02	8.98	0.45
1935.03	8.41	0.45
1935.04	9.04	0.45
1935.05	9.75	0.44
1935.06	10.12	0.44
1935.07	10.65	0.44
1935.08	11.37	0.44
1935.09	11.61	0.44
1935.10	11.92	0.45
1935.11	13.04	0.46
1935.12	13.04	0.47
1936.01	13.76	0.48
1936.02	14.55	0.49
1936.03	14.86	0.50
1936.04	14.88	0.52
1936.05	14.09	0.53
1936.06	14.69	0.55
1936.07	15.56	0.57
1936.08	15.87	0.59
1936.09	16.05	0.61
1936.10	16.89	0.65
1936.11	17.36	0.68
1936.12	17.06	0.72
1937.01	17.59	0.73
1937.02	18.11	0.74
1937.03	18.09	0.75
1937.04	17.01	0.78
1937.05	16.25	0.81
1937.06	15.64	0.84
1937.07	16.57	0.82
1937.08	16.74	0.79
1937.09	14.37	0.77
1937.10	12.28	0.78
1937.11	11.20	0.79
1937.12	11.02	0.80
1938.01	11.31	0.79
1938.02	11.04	0.79
1938.03	10.31	0.78
1938.04	9.89	0.77
1938.05	9.98	0.75
1938.06	10.21	0.74
1938.07	12.24	0.71
1938.08	12.31	0.69
1938.09	11.75	0.66
1938.10	13.06	0.61
1938.11	13.07	0.56
1938.12	12.69	0.51
1939.01	12.50	0.51
1939.02	12.40	0.52
1939.03	12.39	0.52
1939.04	10.83	0.52
1939.05	11.23	0.53
1939.06	11.43	0.53
1939.07	11.71	0.54
1939.08	11.54	0.55
1939.09	12.77	0.56
1939.10	12.90	0.58
1939.11	12.67	0.60
1939.12	12.37	0.62
1940.01	12.30	0.62
1940.02	12.22	0.63
1940.03	12.15	0.63
1940.04	12.27	0.64
1940.05	10.58	0.64
1940.06	9.67	0.65
1940.07	9.99	0.66
1940.08	10.20	0.66
1940.09	10.63	0.67
1940.10	10.73	0.67
1940.11	10.98	0.67
1940.12	10.53	0.67
1941.01	10.55	0.67
1941.02	9.89	0.68
1941.03	9.95	0.68
1941.04	9.64	0.68
1941.05	9.43	0.69
1941.06	9.76	0.69
1941.07	10.26	0.69
1941.08	10.21	0.70
1941.09	10.24	0.70
1941.10	9.83	0.70
1941.11	9.37	0.71
1941.12	8.76	0.71
1942.01	8.93	0.70
1942.02	8.65	0.70
1942.03	8.18	0.69
1942.04	7.84	0.68
1942.05	7.93	0.67
1942.06	8.33	0.66
1942.07	8.64	0.65
1942.08	8.59	0.63
1942.09	8.68	0.62
1942.10	9.32	0.61
1942.11	9.47	0.60
1942.12	9.52	0.59
1943.01	10.09	0.59
1943.02	10.69	0.59
1943.03	11.07	0.59
1943.04	11.44	0.59
1943.05	11.89	0.59
1943.06	12.10	0.59
1943.07	12.35	0.59
1943.08	11.74	0.60
1943.09	11.99	0.60
1943.10	11.88	0.60
1943.11	11.33	0.61
1943.12	11.48	0.61
1944.01	11.85	0.61
1944.02	11.77	0.62
1944.03	12.10	0.62
1944.04	11.89	0.62
1944.05	12.10	0.63
1944.06	12.67	0.63
1944.07	13.00	0.63
1944.08	12.81	0.64
1944.09	12.60	0.64
1944.10	12.91	0.64
1944.11	12.82	0.64
1944.12	13.10	0.64
1945.01	13.49	0.64
1945.02	13.94	0.65
1945.03	13.93	0.65
1945.04	14.28	0.65
1945.05	14.82	0.65
1945.06	15.09	0.65
1945.07	14.78	0.65
1945.08	14.83	0.66
1945.09	15.84	0.66
1945.10	16.50	0.66
1945.11	17.04	0.66
1945.12	17.33	0.66
1946.01	18.02	0.67
1946.02	18.07	0.67
1946.03	17.53	0.68
1946.04	18.66	0.68
1946.05	18.70	0.68
1946.06	18.58	0.68
1946.07	18.05	0.68
1946.08	17.70	0.69
1946.09	15.09	0.69
1946.10	14.75	0.70
1946.11	14.69	0.70
1946.12	15.13	0.71
1947.01	15.21	0.71
1947.02	15.80	0.72
1947.03	15.16	0.72
1947.04	14.60	0.73
1947.05	14.34	0.75
1947.06	14.84	0.76
1947.07	15.77	0.77
1947.08	15.46	0.78
1947.09	15.06	0.79
1947.10	15.45	0.81
1947.11	15.27	0.82
1947.12	15.03	0.84
1948.01	14.83	0.84
1948.02	14.10	0.85
1948.03	14.30	0.85
1948.04	15.40	0.85
1948.05	16.15	0.85
1948.06	16.82	0.85
1948.07	16.42	0.86
1948.08	15.94	0.86
1948.09	15.76	0.87
1948.10	16.19	0.89
1948.11	15.29	0.91
1948.12	15.19	0.93
1949.01	15.36	0.95
1949.02	14.77	0.96
1949.03	14.91	0.98
1949.04	14.89	0.99
1949.05	14.78	1.01
1949.06	13.97	1.02
1949.07	14.76	1.03
1949.08	15.29	1.03
1949.09	15.49	1.04
1949.10	15.89	1.07
1949.11	16.11	1.11
1949.12	16.54	1.14
1950.01	16.88	1.15
1950.02	17.21	1.16
1950.03	17.35	1.17
1950.04	17.84	1.18
1950.05	18.44	1.19
1950.06	18.74	1.20
1950.07	17.38	1.24
1950.08	18.43	1.29
1950.09	19.08	1.33
1950.10	19.87	1.38
1950.11	19.83	1.42
1950.12	19.75	1.47
1951.01	21.21	1.49
1951.02	22.00	1.50
1951.03	21.63	1.52
1951.04	21.92	1.53
1951.05	21.93	1.55
1951.06	21.55	1.56
1951.07	21.93	1.55
1951.08	22.89	1.53
1951.09	23.48	1.52
1951.10	23.36	1.48
1951.11	22.71	1.45
1951.12	23.41	1.41
1952.01	24.19	1.41
1952.02	23.75	1.42
1952.03	23.81	1.42
1952.04	23.74	1.43
1952.05	23.73	1.44
1952.06	24.38	1.45
1952.07	25.08	1.45
1952.08	25.18	1.45
1952.09	24.78	1.45
1952.10	24.26	1.44
1952.11	25.03	1.42
1952.12	26.04	1.41
1953.01	26.18	1.41
1953.02	25.86	1.41
1953.03	25.99	1.41
1953.04	24.71	1.41
1953.05	24.84	1.42
1953.06	23.95	1.42
1953.07	24.29	1.42
1953.08	24.39	1.42
1953.09	23.27	1.42
1953.10	23.97	1.43
1953.11	24.50	1.44
1953.12	24.83	1.45
1954.01	25.46	1.46
1954.02	26.02	1.46
1954.03	26.57	1.47
1954.04	27.63	1.46
1954.05	28.73	1.46
1954.06	28.96	1.45
1954.07	30.13	1.46
1954.08	30.73	1.46
1954.09	31.45	1.47
1954.10	32.18	1.49
1954.11	33.44	1.52
1954.12	34.97	1.54
1955.01	35.60	1.55
1955.02	36.79	1.55
1955.03	36.50	1.56
1955.04	37.76	1.56
1955.05	37.60	1.57
1955.06	39.78	1.57
1955.07	42.69	1.59
1955.08	42.43	1.60
1955.09	44.34	1.62
1955.10	42.11	1.63
1955.11	44.95	1.63
1955.12	45.37	1.64
1956.01	44.15	1.67
1956.02	44.43	1.70
1956.03	47.49	1.73
1956.04	48.05	1.75
1956.05	46.54	1.78
1956.06	46.27	1.80
1956.07	48.78	1.81
1956.08	48.49	1.83
1956.09	46.84	1.84
1956.10	46.24	1.81
1956.11	45.76	1.77
1956.12	46.44	1.74
1957.01	45.43	1.74
1957.02	43.47	1.73
1957.03	44.03	1.73
1957.04	45.05	1.73
1957.05	46.78	1.73
1957.06	47.55	1.73
1957.07	48.51	1.74
1957.08	45.84	1.75
1957.09	43.98	1.76
1957.10	41.24	1.77
1957.11	40.35	1.78
1957.12	40.33	1.79
1958.01	41.12	1.78
1958.02	41.26	1.78
1958.03	42.11	1.77
1958.04	42.34	1.76
1958.05	43.70	1.74
1958.06	44.75	1.73
1958.07	45.98	1.73
1958.08	47.70	1.73
1958.09	48.96	1.73
1958.10	50.95	1.74
1958.11	52.50	1.74
1958.12	53.49	1.75
1959.01	55.62	1.76
1959.02	54.77	1.76
1959.03	56.16	1.77
1959.04	57.10	1.78
1959.05	57.96	1.78
1959.06	57.46	1.79
1959.07	59.74	1.80
1959.08	59.40	1.80
1959.09	57.05	1.81
1959.10	57.00	1.82
1959.11	57.23	1.82
1959.12	59.06	1.83
1960.01	58.03	1.87
1960.02	55.78	1.90
1960.03	55.02	1.94
1960.04	55.73	1.94
1960.05	55.22	1.95
1960.06	57.26	1.95
1960.07	55.84	1.95
1960.08	56.51	1.95
1960.09	54.81	1.95
1960.10	53.73	1.95
1960.11	55.47	1.95
1960.12	56.80	1.95
1961.01	59.72	1.95
1961.02	62.17	1.94
1961.03	64.12	1.94
1961.04	65.83	1.94
1961.05	66.50	1.94
1961.06	65.62	1.94
1961.07	65.44	1.95
1961.08	67.79	1.95
1961.09	67.26	1.96
1961.10	68.00	1.98
1961.11	71.08	2.00
1961.12	71.74	2.02
1962.01	69.07	2.03
1962.02	70.22	2.03
1962.03	70.29	2.04
1962.04	68.05	2.05
1962.05	62.99	2.05
1962.06	55.63	2.06
1962.07	56.97	2.07
1962.08	58.52	2.07
1962.09	58.00	2.08
1962.10	56.17	2.10
1962.11	60.04	2.11
1962.12	62.64	2.13
1963.01	65.06	2.14
1963.02	65.92	2.14
1963.03	65.67	2.15
1963.04	68.76	2.17
1963.05	70.14	2.18
1963.06	70.11	2.20
1963.07	69.07	2.20
1963.08	70.98	2.21
1963.09	72.85	2.21
1963.10	73.03	2.23
1963.11	72.62	2.26
1963.12	74.17	2.28
1964.01	76.45	2.30
1964.02	77.39	2.31
1964.03	78.80	2.33
1964.04	79.94	2.35
1964.05	80.72	2.36
1964.06	80.24	2.38
1964.07	83.22	2.40
1964.08	82.00	2.42
1964.09	83.41	2.44
1964.10	84.85	2.46
1964.11	85.44	2.48
1964.12	83.96	2.50
1965.01	86.12	2.52
1965.02	86.75	2.53
1965.03	86.83	2.55
1965.04	87.97	2.57
1965.05	89.28	2.59
1965.06	85.04	2.61
1965.07	84.91	2.63
1965.08	86.49	2.64
1965.09	89.38	2.66
1965.10	91.39	2.68
1965.11	92.15	2.70
1965.12	91.73	2.72
1966.01	93.32	2.74
1966.02	92.69	2.76
1966.03	88.88	2.78
1966.04	91.60	2.80
1966.05	86.78	2.81
1966.06	86.06	2.83
1966.07	85.84	2.85
1966.08	80.65	2.87
1966.09	77.81	2.89
1966.10	77.13	2.88
1966.11	80.99	2.88
1966.12	81.33	2.87
1967.01	84.45	2.88
1967.02	87.36	2.89
1967.03	89.42	2.90
1967.04	90.96	2.90
1967.05	92.59	2.90
1967.06	91.43	2.90
1967.07	93.01	2.91
1967.08	94.49	2.91
1967.09	95.81	2.92
1967.10	95.66	2.92
1967.11	92.66	2.92
1967.12	95.30	2.92
1968.01	95.04	2.93
1968.02	90.75	2.94
1968.03	89.09	2.95
1968.04	95.67	2.96
1968.05	97.87	2.98
1968.06	100.50	2.99
1968.07	100.30	3.00
1968.08	98.11	3.02
1968.09	101.30	3.03
1968.10	103.80	3.04
1968.11	105.40	3.06
1968.12	106.50	3.07
1969.01	102.00	3.08
1969.02	101.50	3.09
1969.03	99.30	3.10
1969.04	101.30	3.11
1969.05	104.60	3.12
1969.06	99.14	3.13
1969.07	94.71	3.14
1969.08	94.18	3.14
1969.09	94.51	3.15
1969.10	95.52	3.15
1969.11	96.21	3.16
1969.12	91.11	3.16
1970.01	90.31	3.16
1970.02	87.16	3.17
1970.03	88.65	3.17
1970.04	85.95	3.17
1970.05	76.06	3.18
1970.06	75.59	3.18
1970.07	75.72	3.18
1970.08	77.92	3.19
1970.09	82.58	3.19
1970.10	84.37	3.17
1970.11	84.28	3.16
1970.12	90.05	3.14
1971.01	93.49	3.13
1971.02	97.11	3.12
1971.03	99.60	3.11
1971.04	103.00	3.11
1971.05	101.60	3.10
1971.06	99.72	3.10
1971.07	99.00	3.10
1971.08	97.24	3.09
1971.09	99.40	3.09
1971.10	97.29	3.08
1971.11	92.78	3.08
1971.12	99.17	3.07
1972.01	103.30	3.07
1972.02	105.20	3.07
1972.03	107.70	3.07
1972.04	108.80	3.07
1972.05	107.70	3.07
1972.06	108.00	3.07
1972.07	107.20	3.07
1972.08	111.00	3.08
1972.09	109.40	3.08
1972.10	109.60	3.10
1972.11	115.10	3.13
1972.12	117.50	3.15
1973.01	118.40	3.16
1973.02	114.20	3.16
1973.03	112.40	3.17
1973.04	110.30	3.19
1973.05	107.20	3.20
1973.06	104.80	3.22
1973.07	105.80	3.24
1973.08	103.80	3.25
1973.09	105.60	3.27
1973.10	109.80	3.31
1973.11	102.00	3.34
1973.12	94.78	3.38
1974.01	96.11	3.40
1974.02	93.45	3.42
1974.03	97.44	3.44
1974.04	92.46	3.46
1974.05	89.67	3.48
1974.06	89.79	3.50
1974.07	79.31	3.53
1974.08	76.03	3.56
1974.09	68.12	3.59
1974.10	69.44	3.59
1974.11	71.74	3.60
1974.12	67.07	3.60
1975.01	72.56	3.62
1975.02	80.10	3.65
1975.03	83.78	3.67
1975.04	84.72	3.68
1975.05	90.10	3.70
1975.06	92.40	3.71
1975.07	92.49	3.71
1975.08	85.71	3.71
1975.09	84.67	3.71
1975.10	88.57	3.70
1975.11	90.07	3.69
1975.12	88.70	3.68
1976.01	96.86	3.68
1976.02	100.60	3.69
1976.03	101.10	3.69
1976.04	101.90	3.71
1976.05	101.20	3.74
1976.06	101.80	3.76
1976.07	104.20	3.79
1976.08	103.30	3.82
1976.09	105.50	3.85
1976.10	101.90	3.92
1976.11	101.20	3.98
1976.12	104.70	4.05
1977.01	103.80	4.10
1977.02	101.00	4.14
1977.03	100.60	4.19
1977.04	99.05	4.25
1977.05	98.76	4.30
1977.06	99.29	4.36
1977.07	100.20	4.41
1977.08	97.75	4.45
1977.09	96.23	4.50
1977.10	93.74	4.56
1977.11	94.28	4.61
1977.12	93.82	4.67
1978.01	90.25	4.71
1978.02	88.98	4.76
1978.03	88.82	4.80
1978.04	92.71	4.84
1978.05	97.41	4.87
1978.06	97.66	4.91
1978.07	97.19	4.95
1978.08	103.90	4.98
1978.09	103.90	5.02
1978.10	100.60	5.04
1978.11	94.71	5.05
1978.12	96.11	5.07
1979.01	99.71	5.11
1979.02	98.23	5.16
1979.03	100.10	5.20
1979.04	102.10	5.25
1979.05	99.73	5.29
1979.06	101.70	5.34
1979.07	102.70	5.40
1979.08	107.40	5.45
1979.09	108.60	5.51
1979.10	104.50	5.56
1979.11	103.70	5.60
1979.12	107.80	5.65
1980.01	110.90	5.70
1980.02	115.30	5.75
1980.03	104.70	5.80
1980.04	103.00	5.85
1980.05	107.70	5.89
1980.06	114.60	5.94
1980.07	119.80	5.98
1980.08	123.50	6.03
1980.09	126.50	6.07
1980.10	130.20	6.10
1980.11	135.70	6.13
1980.12	133.50	6.16
1981.01	133.00	6.20
1981.02	128.40	6.24
1981.03	133.20	6.28
1981.04	134.40	6.32
1981.05	131.70	6.35
1981.06	132.30	6.39
1981.07	129.10	6.43
1981.08	129.60	6.48
1981.09	118.30	6.52
1981.10	119.80	6.56
1981.11	122.90	6.59
1981.12	123.80	6.63
1982.01	117.30	6.66
1982.02	114.50	6.69
1982.03	110.80	6.72
1982.04	116.30	6.75
1982.05	116.40	6.78
1982.06	109.70	6.81
1982.07	109.40	6.82
1982.08	109.70	6.84
1982.09	122.40	6.85
1982.10	132.70	6.86
1982.11	138.10	6.86
1982.12	139.40	6.87
1983.01	144.30	6.88
1983.02	146.80	6.90
1983.03	151.90	6.91
1983.04	157.70	6.92
1983.05	164.10	6.93
1983.06	166.40	6.94
1983.07	167.00	6.96
1983.08	162.40	6.98
1983.09	167.20	7.00
1983.10	167.70	7.03
1983.11	165.20	7.06
1983.12	164.40	7.09
1984.01	166.40	7.12
1984.02	157.30	7.15
1984.03	157.40	7.18
1984.04	157.60	7.22
1984.05	156.60	7.27
1984.06	153.10	7.31
1984.07	151.10	7.33
1984.08	164.40	7.36
1984.09	166.10	7.38
1984.10	164.80	7.43
1984.11	166.30	7.48
1984.12	164.50	7.53
1985.01	171.60	7.57
1985.02	180.90	7.62
1985.03	179.40	7.66
1985.04	180.60	7.69
1985.05	184.90	7.71
1985.06	188.90	7.74
1985.07	192.50	7.77
1985.08	188.30	7.81
1985.09	184.10	7.84
1985.10	186.20	7.86
1985.11	197.50	7.88
1985.12	207.30	7.90
1986.01	208.20	7.94
1986.02	219.40	7.98
1986.03	232.30	8.02
1986.04	238.00	8.05
1986.05	238.50	8.07
1986.06	245.30	8.10
1986.07	240.20	8.14
1986.08	245.00	8.19
1986.09	238.30	8.23
1986.10	237.40	8.25
1986.11	245.10	8.26
1986.12	248.60	8.28
1987.01	264.50	8.30
1987.02	280.90	8.32
1987.03	292.50	8.34
1987.04	289.30	8.40
1987.05	289.10	8.46
1987.06	301.40	8.52
1987.07	310.10	8.57
1987.08	329.40	8.61
1987.09	318.70	8.66
1987.10	280.20	8.71
1987.11	245.00	8.76
1987.12	241.00	8.81
1988.01	250.50	8.86
1988.02	258.10	8.90
1988.03	265.70	8.95
1988.04	262.60	9.04
1988.05	256.10	9.14
1988.06	270.70	9.23
1988.07	269.10	9.31
1988.08	263.70	9.38
1988.09	268.00	9.46
1988.10	277.40	9.55
1988.11	271.00	9.64
1988.12	276.50	9.75
1989.01	285.40	9.81
1989.02	294.00	9.90
1989.03	292.70	10.01
1989.04	302.30	10.09
1989.05	313.90	10.19
1989.06	323.70	10.37
1989.07	331.90	10.42
1989.08	346.60	10.55
1989.09	347.30	10.73
1989.10	347.40	10.80
1989.11	340.20	10.92
1989.12	348.60	11.06
1990.01	339.97	11.14
1990.02	330.45	11.23
1990.03	338.46	11.32
1990.04	338.18	11.44
1990.05	350.25	11.55
1990.06	360.39	11.66
1990.07	360.03	11.73
1990.08	330.75	11.78
1990.09	315.41	11.83
1990.10	307.12	11.93
1990.11	315.29	12.01
1990.12	328.75	12.09
1991.01	325.49	12.11
1991.02	362.26	12.11
1991.03	372.28	12.11
1991.04	379.68	12.13
1991.05	377.99	12.14
1991.06	378.29	12.15
1991.07	380.23	12.19
1991.08	389.40	12.24
1991.09	387.20	12.28
1991.10	386.88	12.25
1991.11	385.92	12.23
1991.12	388.51	12.20
1992.01	416.08	12.24
1992.02	412.56	12.28
1992.03	407.36	12.32
1992.04	407.41	12.32
1992.05	414.81	12.32
1992.06	408.27	12.32
1992.07	415.05	12.34
1992.08	417.93	12.37
1992.09	418.48	12.40
1992.10	412.50	12.39
1992.11	422.84	12.38
1992.12	435.64	12.39
1993.01	435.23	12.41
1993.02	441.70	12.45
1993.03	450.16	12.48
1993.04	443.08	12.49
1993.05	445.25	12.51
1993.06	448.06	12.52
1993.07	447.29	12.52
1993.08	454.13	12.52
1993.09	459.24	12.52
1993.10	463.90	12.54
1993.11	462.89	12.56
1993.12	465.95	12.58
1994.01	472.99	12.62
1994.02	471.58	12.67
1994.03	463.81	12.71
1994.04	447.23	12.75
1994.05	450.90	12.80
1994.06	454.83	12.84
1994.07	451.40	12.87
1994.08	464.24	12.90
1994.09	466.96	12.92
1994.10	463.81	13.01
1994.11	461.01	13.10
1994.12	455.19	13.17
1995.01	465.25	13.18
1995.02	481.92	13.18
1995.03	493.15	13.17
1995.04	507.91	13.24
1995.05	523.81	13.31
1995.06	539.35	13.36
1995.07	557.37	13.44
1995.08	559.11	13.51
1995.09	578.77	13.58
1995.10	582.92	13.65
1995.11	595.53	13.72
1995.12	614.57	13.79
1996.01	614.42	13.89
1996.02	649.54	14.00
1996.03	647.07	14.10
1996.04	647.17	14.16
1996.05	661.23	14.21
1996.06	668.50	14.27
1996.07	644.07	14.40
1996.08	662.68	14.53
1996.09	674.88	14.66
1996.10	701.46	14.74
1996.11	735.67	14.82
1996.12	743.25	14.90
1997.01	766.22	14.95
1997.02	798.39	15.01
1997.03	792.16	15.06
1997.04	763.93	15.09
1997.05	833.09	15.13
1997.06	876.29	15.16
1997.07	925.29	15.22
1997.08	927.24	15.27
1997.09	937.02	15.33
1997.10	951.16	15.39
1997.11	938.92	15.44
1997.12	962.37	15.50
1998.01	963.36	15.55
1998.02	1023.74	15.60
1998.03	1076.83	15.64
1998.04	1112.20	15.75
1998.05	1108.42	15.85
1998.06	1108.39	15.95
1998.07	1156.58	16.02
1998.08	1074.62	16.08
1998.09	1020.64	16.14
1998.10	1032.47	16.17
1998.11	1144.43	16.18
1998.12	1190.05	16.20
1999.01	1248.77	16.28
1999.02	1246.58	16.37
1999.03	1281.66	16.45
1999.04	1334.76	16.45
1999.05	1332.07	16.45
1999.06	1322.55	16.45
1999.07	1380.99	16.51
1999.08	1327.49	16.58
1999.09	1318.17	16.64
1999.10	1300.01	16.66
1999.11	1391.00	16.67
1999.12	1428.68	16.69
2000.01	1425.59	16.71
2000.02	1388.87	16.74
2000.03	1442.21	16.76
2000.04	1461.36	16.74
2000.05	1418.48	16.72
2000.06	1461.96	16.70
2000.07	1473.00	16.58
2000.08	1485.46	16.47
2000.09	1468.05	16.35
2000.10	1390.14	16.32
2000.11	1378.04	16.30
2000.12	1330.93	16.27
2001.01	1335.63	16.17
2001.02	1305.75	16.07
2001.03	1185.85	15.97
2001.04	1189.84	15.88
2001.05	1270.37	15.78
2001.06	1238.71	15.69
2001.07	1204.45	15.71
2001.08	1178.50	15.72
2001.09	1044.64	15.74
2001.10	1076.59	15.74
2001.11	1129.68	15.74
2001.12	1144.93	15.74
2002.01	1140.21	15.74
2002.02	1100.67	15.73
2002.03	1153.79	15.73
2002.04	1111.93	15.83
2002.05	1079.25	15.94
2002.06	1014.02	16.04
2002.07	903.59	15.96
2002.08	912.55	15.88
2002.09	867.81	15.80
2002.10	854.63	15.89
2002.11	909.93	15.98
2002.12	899.18	16.07
2003.01	895.84	16.12
2003.02	837.03	16.17
2003.03	846.63	16.22
2003.04	890.03	16.20
2003.05	935.96	16.19
2003.06	988.00	16.17
2003.07	992.54	16.31
2003.08	989.53	16.45
2003.09	1019.44	16.59
2003.10	1038.73	16.86
2003.11	1049.90	17.12
2003.12	1080.64	17.39
2004.01	1132.52	17.60
2004.02	1143.36	17.81
2004.03	1123.98	18.02
2004.04	1133.36	18.21
2004.05	1102.78	18.41
2004.06	1132.76	18.60
2004.07	1105.85	18.79
2004.08	1088.94	18.97
2004.09	1117.66	19.16
2004.10	1117.21	19.25
2004.11	1168.94	19.35
2004.12	1199.21	19.44
2005.01	1181.41	19.70
2005.02	1199.63	19.97
2005.03	1194.90	20.23
2005.04	1164.43	20.46
2005.05	1178.28	20.70
2005.06	1202.25	20.93
2005.07	1222.24	21.11
2005.08	1224.27	21.29
2005.09	1225.92	21.47
2005.10	1191.96	21.72
2005.11	1237.37	21.97
2005.12	1262.07	22.22
2006.01	1278.73	22.41
2006.02	1276.65	22.59
2006.03	1293.74	22.78
2006.04	1302.17	23.00
2006.05	1290.01	23.22
2006.06	1253.17	23.44
2006.07	1260.24	23.66
2006.08	1287.15	23.88
2006.09	1317.74	24.10
2006.10	1363.38	24.36
2006.11	1388.64	24.62
2006.12	1416.42	24.88
2007.01	1424.16	25.08
2007.02	1444.80	25.29
2007.03	1406.95	25.49
2007.04	1463.64	25.72
2007.05	1511.14	25.94
2007.06	1514.19	26.17
2007.07	1520.71	26.44
2007.08	1454.62	26.71
2007.09	1497.12	26.98
2007.10	1539.66	27.23
2007.11	1463.39	27.48
2007.12	1479.22	27.73
2008.01	1378.76	27.92
2008.02	1354.87	28.11
2008.03	1316.94	28.3
2008.04	1370.47	28.44
2008.05	1403.22	28.57
2008.06	1341.25	28.71
2008.07	1257.33	28.76
2008.08	1281.47	28.80
2008.09	1216.95	28.85
2008.10	968.8	28.70
2008.11	883.04	28.54
2008.12	877.56	28.39
2009.01	865.58	28.01
2009.02	805.23	27.64
2009.03	757.13	27.26
2009.04	848.15	26.70
2009.05	902.41	26.15
2009.06	926.12	25.59
2009.07	935.82	25.03
2009.08	1009.73	24.46
2009.09	1044.55	23.9
2009.10	1067.66	23.40
2009.11	1088.07	22.91
2009.12	1110.38	22.41
2010.01	1123.58	22.24
2010.02	1089.16	22.07
2010.03	1152.05	21.9
2010.04	1197.32	21.95
2010.05	1125.06	21.99
2010.06	1083.36	22.04
2010.07	1079.8	22.14
2010.08	1087.28	22.25
2010.09	1122.08	22.35
2010.10	1171.58	22.48
2010.11	1198.89	22.60
2010.12	1241.53	22.73
2011.01	1282.62	22.96
2011.02	1321.12	23.20
2011.03	1304.49	23.43
2011.04	1331.51	23.73
2011.05	1338.31	24.04
2011.06	1287.29	24.34
2011.07	1325.19	24.62
2011.08	1185.31	24.90
2011.09	1173.88	25.18
2011.10	1207.22	25.60
2011.11	1226.42	26.01
2011.12	1243.32	26.43
2012.01	1300.58	26.74
2012.02	1352.49	27.04
2012.03	1389.24	27.35
2012.04	1386.43	27.67
2012.05	1341.27	28.00
2012.06	1323.48	28.32
2012.07	1359.78	28.74
2012.08	1403.45	29.17
2012.09	1443.42	29.59
2012.10	1437.82	30.14
2012.11	1394.51	30.70
2012.12	1422.29	31.25
2013.01	1480.4	31.54
2013.02	1512.31	31.82
2013.03	1550.83	32.11
2013.04	1570.7	32.50
2013.05	1639.84	32.88
2013.06	1618.77	33.27
2013.07	1668.68	33.65
2013.08	1670.09	34.02
2013.09	1687.17	34.4
2013.10	1720.03	34.60
2013.11	1783.54	34.79
2013.12	1807.78	34.99
2014.01	1822.36	35.40
2014.02	1817.04	35.82
2014.03	1863.52	36.23
2014.04	1864.26	36.61
2014.05	1889.77	37.00
2014.06	1947.09	37.38
2014.07	1973.10	37.75
2014.08	1961.53	38.12
2014.09	1993.23	38.49
2014.10	1937.27	38.81
2014.11	2044.57	39.12
2014.12	2054.27	39.44
2015.01	2028.18	39.90
2015.02	2082.2	40.35
2015.03	2079.99	40.81
2015.04	2094.86	41.12
2015.05	2111.94	41.43
2015.06	2099.29	41.74
2015.07	2094.14	42.00
2015.08	2039.87	42.25
2015.09	1944.41	42.51
2015.10	2024.81	42.80
2015.11	2080.62	43.10
2015.12	2054.08	43.39
2016.01	1918.6	43.55
2016.02	1904.42	43.72
2016.03	2021.95	43.88
2016.04	2075.54	44.07
2016.05	2065.55	44.27
2016.06	2083.89	44.46
2016.07	2148.9	44.65
2016.08	2170.95	44.84
2016.09	2157.69	45.03
2016.10	2143.02	45.25
2016.11	2164.99	45.48
2016.12	2246.63	45.7
2017.01	2275.12	45.93
2017.02	2329.91	46.15
2017.03	2366.82	46.38
2017.04	2359.31	46.66
2017.05	2395.35	46.94
2017.06	2433.99	47.22
2017.07	2454.10	47.54
2017.08	2456.22	47.85
2017.09	2492.84	48.17
